N,S,M,L,XL
1,0.29561859996642603,0.29434722397079188,0.29525807805287452,0.29416701636592529
2,0.43646130602652344,0.43648495530655923,0.44120856063785147,0.44305497272345784
3,0.57445022662413969,0.58088883293465943,0.58019303399076794,0.58099034830046159
4,0.6840691623300319,0.69230769230769229,0.6873688627780109,0.68745279060008391
5,0.76884337753902976,0.77602920810776788,0.77213596307175825,0.77159043222828372
6,0.81954003693134125,0.8273951907339796,0.82484263533361313,0.82484263533361313
7,0.83918079570253479,0.84703512526753111,0.84574066302979434,0.84733529164918175
8,0.87460130938391811,0.88505602417222717,0.88367603860679811,0.88820814099874112
9,0.89944602988081246,0.90242981241344578,0.90532941670163658,0.90939991607217796
10,0.91069330199764986,0.91917411557346096,0.91430969366344939,0.92563994964330676
11,0.92227631358066142,0.92949767090519952,0.93000419639110365,0.93634074695761649
12,0.93419506462984725,0.93893994712325313,0.93596307175828786,0.94628619387326895
13,0.93822393822393824,0.9405766083343825,0.94225765841376419,0.95178346621905163
14,0.93906328688937379,0.94561248898401107,0.94955937893411668,0.95681913554343268
15,0.94225281181802922,0.94624197406521471,0.94872010071338653,0.95900125891733112
16,0.94342789994963905,0.9477527382601032,0.95190935795216114,0.96067981535879143
17,0.94258855128420349,0.94724915019514033,0.95148971884179601,0.96156105749055809
18,0.94359576968272618,0.94976709051995467,0.95224506924045316,0.9616869492236676
19,0.94426724861507472,0.9500188845524361,0.95274863617289129,0.96139320184641208
20,0.94275642101729062,0.95090016366612107,0.95325220310532943,0.96088963491397394
21,0.94258855128420349,0.95140375173108394,0.95249685270667228,0.96030214015946291
22,0.94309216048346478,0.94863401737378827,0.95224506924045316,0.96009232060428029
23,0.94460298808124898,0.94938939947123258,0.95316827528325643,0.96013428451531679
24,0.94460298808124898,0.94913760543875114,0.95207721359630715,0.96046999580360892
25,0.94460298808124898,0.95027067858491754,0.95190935795216114,0.95992446496013428
26,0.94460298808124898,0.94888581140626971,0.95274863617289129,0.95979857322702478
27,0.94493872754742325,0.95064836963363963,0.95190935795216114,0.95958875367184227
28,0.94493872754742325,0.95027067858491754,0.95258078052874529,0.95971464540495177
29,0.94309216048346478,0.94813042930882541,0.95274863617289129,0.95933697020562314
30,0.94359576968272618,0.95052247261739897,0.95190935795216114,0.95921107847251363
31,0.94376363941581332,0.94951529648747324,0.95190935795216114,0.95958875367184227
32,0.94359576968272618,0.94901170842251037,0.95073436844313886,0.95921107847251363
33,0.94577807621285881,0.94875991439002894,0.95157364666386912,0.95971464540495177
34,0.94460298808124898,0.9503965756011582,0.95182543013008813,0.95963071758287877
35,0.94258855128420349,0.94913760543875114,0.95224506924045316,0.95946286193873265
36,0.94477085781433612,0.94964119350371401,0.9528325639949643,0.95971464540495177
37,0.94426724861507472,0.9500188845524361,0.95258078052874529,0.95975660931598827
38,0.94426724861507472,0.9500188845524361,0.95232899706252627,0.96072177926982794
39,0.94376363941581332,0.94951529648747324,0.95207721359630715,0.95975660931598827
40,0.94225281181802922,0.94938939947123258,0.95174150230801513,0.95967268149391527
41,0.94275642101729062,0.94976709051995467,0.95199328577423414,0.95958875367184227
42,0.94409937888198758,0.94888581140626971,0.95232899706252627,0.95975660931598827
43,0.94409937888198758,0.94913760543875114,0.951405791019723,0.96000839278220729
44,0.94577807621285881,0.94825632632506607,0.951405791019723,0.95971464540495177
45,0.94460298808124898,0.94976709051995467,0.95224506924045316,0.95837180025178348
46,0.94460298808124898,0.94938939947123258,0.95224506924045316,0.96084767100293744
47,0.94409937888198758,0.94964119350371401,0.95174150230801513,0.95942089802769615
48,0.94527446701359741,0.9500188845524361,0.95258078052874529,0.96051195971464542
49,0.94460298808124898,0.94901170842251037,0.95174150230801513,0.95979857322702478
50,0.94510659728051027,0.9503965756011582,0.95174150230801513,0.96042803189257242
51,0.94460298808124898,0.94913760543875114,0.95207721359630715,0.96097356273604695
52,0.94309216048346478,0.95052247261739897,0.95165757448594213,0.95979857322702478
53,0.94242068155111636,0.94964119350371401,0.95300041963911042,0.95984053713806128
54,0.940574114487158,0.95064836963363963,0.95216114141838015,0.9601762484263533
55,0.94376363941581332,0.94964119350371401,0.95199328577423414,0.95992446496013428
56,0.94275642101729062,0.95052247261739897,0.95274863617289129,0.95984053713806128
57,0.94359576968272618,0.94976709051995467,0.9529164918170373,0.96000839278220729
58,0.94242068155111636,0.94875991439002894,0.95148971884179601,0.96005035669324379
59,0.94460298808124898,0.94989298753619544,0.95157364666386912,0.95992446496013428
60,0.94510659728051027,0.9500188845524361,0.95165757448594213,0.95971464540495177
61,0.94644955514520734,0.94976709051995467,0.95241292488459928,0.95979857322702478
62,0.94309216048346478,0.94863401737378827,0.95274863617289129,0.95946286193873265
63,0.94376363941581332,0.94913760543875114,0.95157364666386912,0.95992446496013428
64,0.94510659728051027,0.94976709051995467,0.95224506924045316,0.96013428451531679
65,0.94309216048346478,0.94888581140626971,0.95174150230801513,0.95979857322702478
66,0.94242068155111636,0.94901170842251037,0.95190935795216114,0.9601762484263533
67,0.94376363941581332,0.94989298753619544,0.95232899706252627,0.95975660931598827
68,0.94342789994963905,0.94976709051995467,0.95199328577423414,0.95895929500629462
69,0.94443511834816185,0.94938939947123258,0.95190935795216114,0.95975660931598827
70,0.94326003021655191,0.94989298753619544,0.95258078052874529,0.95992446496013428
71,0.94443511834816185,0.94913760543875114,0.95207721359630715,0.95912715065044063
72,0.94443511834816185,0.9503965756011582,0.95241292488459928,0.95971464540495177
73,0.94342789994963905,0.95090016366612107,0.95325220310532943,0.95887536718422162
74,0.94393150914890045,0.94838222334130684,0.95249685270667228,0.96030214015946291
75,0.94393150914890045,0.94976709051995467,0.95123793537557699,0.95992446496013428
76,0.94577807621285881,0.94938939947123258,0.95224506924045316,0.95954678976080565
77,0.94493872754742325,0.94888581140626971,0.95274863617289129,0.96000839278220729
78,0.94426724861507472,0.9469973561626589,0.95224506924045316,0.9602182123373898
79,0.94561020647977168,0.94901170842251037,0.95333613092740244,0.95900125891733112
80,0.94376363941581332,0.94938939947123258,0.95258078052874529,0.95971464540495177
81,0.94460298808124898,0.95027067858491754,0.95115400755350399,0.95904322282836763
82,0.94561020647977168,0.94875991439002894,0.95174150230801513,0.95883340327318511
83,0.94409937888198758,0.94863401737378827,0.95350398657154845,0.96034410407049942
84,0.94309216048346478,0.94825632632506607,0.951405791019723,0.96067981535879143
85,0.94510659728051027,0.9485081203575475,0.95148971884179601,0.95988250104909778
86,0.94510659728051027,0.94838222334130684,0.95350398657154845,0.96030214015946291
87,0.94460298808124898,0.94938939947123258,0.95266470835081829,0.95954678976080565
88,0.94577807621285881,0.95014478156867688,0.95316827528325643,0.9602182123373898
89,0.94493872754742325,0.95102606068236184,0.95232899706252627,0.9601762484263533
90,0.94275642101729062,0.9492635024549918,0.95224506924045316,0.95988250104909778
91,0.94409937888198758,0.95027067858491754,0.95232899706252627,0.9602182123373898
92,0.94493872754742325,0.95064836963363963,0.95207721359630715,0.95933697020562314
93,0.94527446701359741,0.94875991439002894,0.95207721359630715,0.96030214015946291
94,0.94191707235185496,0.95027067858491754,0.95165757448594213,0.96030214015946291
95,0.94443511834816185,0.94989298753619544,0.95241292488459928,0.96055392362568193
96,0.94661742487829448,0.94825632632506607,0.95174150230801513,0.95958875367184227
97,0.94359576968272618,0.95102606068236184,0.95174150230801513,0.95925304238355014
98,0.94275642101729062,0.94989298753619544,0.95325220310532943,0.95979857322702478
99,0.94242068155111636,0.94875991439002894,0.95249685270667228,0.95988250104909778
100,0.94527446701359741,0.94964119350371401,0.95207721359630715,0.96042803189257242
101,0.94409937888198758,0.94989298753619544,0.95098615190935798,0.95937893411665964
102,0.94443511834816185,0.94913760543875114,0.95249685270667228,0.95984053713806128
103,0.94460298808124898,0.95014478156867688,0.951405791019723,0.96009232060428029
104,0.94544233674668454,0.94964119350371401,0.95333613092740244,0.95925304238355014
105,0.94326003021655191,0.9511519576986025,0.9528325639949643,0.95862358371800249
106,0.94544233674668454,0.9485081203575475,0.95148971884179601,0.96000839278220729
107,0.94376363941581332,0.95140375173108394,0.95258078052874529,0.96034410407049942
108,0.94561020647977168,0.95077426664988041,0.95157364666386912,0.95942089802769615
109,0.94376363941581332,0.94750094422762177,0.95409148132605959,0.95963071758287877
110,0.94443511834816185,0.94913760543875114,0.95232899706252627,0.96013428451531679
111,0.94342789994963905,0.94762684124386254,0.95132186319765,0.95916911456147713
112,0.94409937888198758,0.9473750472113811,0.95090222408728498,0.96038606798153592
113,0.94460298808124898,0.94951529648747324,0.951405791019723,0.95975660931598827
114,0.94510659728051027,0.94863401737378827,0.95266470835081829,0.95933697020562314
115,0.94359576968272618,0.94901170842251037,0.95308434746118342,0.95967268149391527
116,0.94309216048346478,0.94938939947123258,0.95190935795216114,0.95996642887117078
117,0.94409937888198758,0.95027067858491754,0.95107007973143098,0.95933697020562314
118,0.94409937888198758,0.95064836963363963,0.95132186319765,0.95988250104909778
119,0.94527446701359741,0.9492635024549918,0.95190935795216114,0.95958875367184227
120,0.94426724861507472,0.95014478156867688,0.95132186319765,0.9602601762484263
121,0.94342789994963905,0.94838222334130684,0.95148971884179601,0.95950482584976915
122,0.94409937888198758,0.94989298753619544,0.95207721359630715,0.96030214015946291
123,0.94409937888198758,0.94913760543875114,0.95148971884179601,0.95950482584976915
124,0.94477085781433612,0.94951529648747324,0.95182543013008813,0.96093159882501045
125,0.94409937888198758,0.95077426664988041,0.95165757448594213,0.95929500629458664
126,0.94326003021655191,0.9511519576986025,0.95174150230801513,0.95908518673940413
127,0.94493872754742325,0.95052247261739897,0.95190935795216114,0.96005035669324379
128,0.94460298808124898,0.94901170842251037,0.95157364666386912,0.9602601762484263
129,0.94493872754742325,0.9492635024549918,0.9528325639949643,0.96005035669324379
130,0.94393150914890045,0.94938939947123258,0.95274863617289129,0.96072177926982794
131,0.94309216048346478,0.94976709051995467,0.95258078052874529,0.9602601762484263
132,0.94527446701359741,0.94875991439002894,0.95065044062106585,0.95925304238355014
133,0.94393150914890045,0.94787863527634397,0.95199328577423414,0.9602182123373898
134,0.94527446701359741,0.94712325317889967,0.951405791019723,0.95929500629458664
135,0.94309216048346478,0.95014478156867688,0.95157364666386912,0.95988250104909778
136,0.94527446701359741,0.94813042930882541,0.95148971884179601,0.95984053713806128
137,0.94544233674668454,0.9492635024549918,0.95266470835081829,0.95900125891733112
138,0.94409937888198758,0.94875991439002894,0.95224506924045316,0.96051195971464542
139,0.94493872754742325,0.94875991439002894,0.95165757448594213,0.96005035669324379
140,0.94242068155111636,0.95052247261739897,0.95232899706252627,0.95887536718422162
141,0.94644955514520734,0.94875991439002894,0.95207721359630715,0.95916911456147713
142,0.94426724861507472,0.94976709051995467,0.95316827528325643,0.96042803189257242
143,0.94510659728051027,0.9503965756011582,0.95207721359630715,0.96046999580360892
144,0.94174920261876782,0.94875991439002894,0.95174150230801513,0.9602182123373898
145,0.94577807621285881,0.94964119350371401,0.95258078052874529,0.96005035669324379
146,0.94527446701359741,0.94901170842251037,0.95174150230801513,0.95904322282836763
147,0.94359576968272618,0.94888581140626971,0.95123793537557699,0.95937893411665964
148,0.94409937888198758,0.94825632632506607,0.95308434746118342,0.95942089802769615
149,0.94544233674668454,0.94888581140626971,0.95308434746118342,0.95950482584976915
150,0.94359576968272618,0.94964119350371401,0.95174150230801513,0.95984053713806128
151,0.94460298808124898,0.95052247261739897,0.95090222408728498,0.96046999580360892
152,0.94561020647977168,0.94724915019514033,0.95107007973143098,0.95937893411665964
153,0.94292429075037776,0.94951529648747324,0.95190935795216114,0.95946286193873265
154,0.94359576968272618,0.9500188845524361,0.95232899706252627,0.95895929500629462
155,0.94426724861507472,0.94989298753619544,0.95115400755350399,0.95921107847251363
156,0.94124559341950642,0.94964119350371401,0.95308434746118342,0.95946286193873265
157,0.94493872754742325,0.95052247261739897,0.95081829626521197,0.95996642887117078
158,0.94426724861507472,0.94989298753619544,0.95065044062106585,0.95979857322702478
159,0.94527446701359741,0.95014478156867688,0.95165757448594213,0.95891733109525812
160,0.94326003021655191,0.94901170842251037,0.95182543013008813,0.95921107847251363
161,0.94477085781433612,0.9503965756011582,0.95081829626521197,0.95979857322702478
162,0.94258855128420349,0.94964119350371401,0.95190935795216114,0.95996642887117078
163,0.94477085781433612,0.94989298753619544,0.95115400755350399,0.96005035669324379
164,0.94460298808124898,0.94838222334130684,0.95199328577423414,0.96055392362568193
165,0.94393150914890045,0.94964119350371401,0.95182543013008813,0.95996642887117078
166,0.94359576968272618,0.9473750472113811,0.95174150230801513,0.95925304238355014
167,0.94359576968272618,0.94989298753619544,0.95224506924045316,0.95967268149391527
168,0.94242068155111636,0.95052247261739897,0.95165757448594213,0.96038606798153592
169,0.94376363941581332,0.94901170842251037,0.95224506924045316,0.95958875367184227
170,0.94326003021655191,0.94938939947123258,0.95107007973143098,0.9602182123373898
171,0.94409937888198758,0.94750094422762177,0.95199328577423414,0.95946286193873265
172,0.94409937888198758,0.95102606068236184,0.95199328577423414,0.95916911456147713
173,0.94510659728051027,0.95014478156867688,0.95065044062106585,0.95937893411665964
174,0.94326003021655191,0.94863401737378827,0.95199328577423414,0.95958875367184227
175,0.94510659728051027,0.9492635024549918,0.95232899706252627,0.95942089802769615
176,0.94460298808124898,0.94989298753619544,0.95098615190935798,0.95975660931598827
177,0.94628168541212021,0.94901170842251037,0.95199328577423414,0.95967268149391527
178,0.94611381567903308,0.9503965756011582,0.95249685270667228,0.95975660931598827
179,0.94426724861507472,0.94838222334130684,0.95190935795216114,0.96013428451531679
180,0.94225281181802922,0.94964119350371401,0.95274863617289129,0.95942089802769615
181,0.94561020647977168,0.94913760543875114,0.95258078052874529,0.95963071758287877
182,0.94577807621285881,0.94888581140626971,0.95249685270667228,0.95984053713806128
183,0.94208494208494209,0.95014478156867688,0.95157364666386912,0.95967268149391527
184,0.94326003021655191,0.94838222334130684,0.95266470835081829,0.9602601762484263
185,0.94460298808124898,0.94838222334130684,0.95241292488459928,0.9601762484263533
186,0.94393150914890045,0.94901170842251037,0.95224506924045316,0.95971464540495177
187,0.94376363941581332,0.95027067858491754,0.95207721359630715,0.95963071758287877
188,0.94510659728051027,0.94964119350371401,0.95224506924045316,0.96013428451531679
189,0.94493872754742325,0.94901170842251037,0.95123793537557699,0.95933697020562314
190,0.94527446701359741,0.9503965756011582,0.95249685270667228,0.95942089802769615
191,0.94393150914890045,0.94863401737378827,0.95182543013008813,0.95929500629458664
192,0.94409937888198758,0.9492635024549918,0.95224506924045316,0.95925304238355014
193,0.94359576968272618,0.94875991439002894,0.95274863617289129,0.96055392362568193
194,0.94477085781433612,0.9492635024549918,0.951405791019723,0.96013428451531679
195,0.94426724861507472,0.94800453229258463,0.95216114141838015,0.95954678976080565
196,0.94460298808124898,0.94901170842251037,0.95165757448594213,0.95958875367184227
197,0.94510659728051027,0.94964119350371401,0.95375577003776757,0.95925304238355014
198,0.94510659728051027,0.94863401737378827,0.95073436844313886,0.95971464540495177
199,0.94443511834816185,0.9492635024549918,0.95157364666386912,0.96046999580360892
200,0.94594594594594594,0.94838222334130684,0.95098615190935798,0.95946286193873265
201,0.94477085781433612,0.94813042930882541,0.95199328577423414,0.95992446496013428
202,0.94393150914890045,0.94888581140626971,0.95266470835081829,0.9602182123373898
203,0.94225281181802922,0.94813042930882541,0.95148971884179601,0.95942089802769615
204,0.94510659728051027,0.94724915019514033,0.95274863617289129,0.95954678976080565
205,0.94493872754742325,0.94913760543875114,0.95249685270667228,0.95967268149391527
206,0.94544233674668454,0.94938939947123258,0.95132186319765,0.96009232060428029
207,0.94393150914890045,0.94901170842251037,0.95232899706252627,0.95887536718422162
208,0.94208494208494209,0.95064836963363963,0.95123793537557699,0.95950482584976915
209,0.94561020647977168,0.94762684124386254,0.95123793537557699,0.9587075115400755
210,0.94678529461138161,0.94951529648747324,0.95207721359630715,0.96051195971464542
211,0.94510659728051027,0.94901170842251037,0.95383969785984057,0.95950482584976915
212,0.94561020647977168,0.94787863527634397,0.95039865715484684,0.95900125891733112
213,0.94393150914890045,0.94875991439002894,0.95174150230801513,0.95967268149391527
214,0.94409937888198758,0.94888581140626971,0.95258078052874529,0.95984053713806128
215,0.94477085781433612,0.94813042930882541,0.95249685270667228,0.95929500629458664
216,0.94376363941581332,0.94901170842251037,0.95073436844313886,0.95975660931598827
217,0.94443511834816185,0.94813042930882541,0.95190935795216114,0.95933697020562314
218,0.94426724861507472,0.9500188845524361,0.95232899706252627,0.96038606798153592
219,0.94443511834816185,0.94863401737378827,0.95249685270667228,0.95933697020562314
220,0.94292429075037776,0.94787863527634397,0.95216114141838015,0.95925304238355014
221,0.94527446701359741,0.95064836963363963,0.95266470835081829,0.95925304238355014
222,0.94342789994963905,0.95014478156867688,0.95249685270667228,0.96046999580360892
223,0.94477085781433612,0.9500188845524361,0.95107007973143098,0.96005035669324379
224,0.94527446701359741,0.95027067858491754,0.95023080151070083,0.95946286193873265
225,0.94544233674668454,0.95102606068236184,0.95241292488459928,0.95958875367184227
226,0.94393150914890045,0.94813042930882541,0.95224506924045316,0.96051195971464542
227,0.94510659728051027,0.94989298753619544,0.95207721359630715,0.96038606798153592
228,0.94477085781433612,0.94989298753619544,0.95300041963911042,0.95937893411665964
229,0.94460298808124898,0.94624197406521471,0.95174150230801513,0.95963071758287877
230,0.94493872754742325,0.94976709051995467,0.95300041963911042,0.95967268149391527
231,0.94258855128420349,0.94838222334130684,0.95274863617289129,0.96013428451531679
232,0.94460298808124898,0.95027067858491754,0.95232899706252627,0.95937893411665964
233,0.94326003021655191,0.94724915019514033,0.95232899706252627,0.96005035669324379
234,0.94342789994963905,0.95090016366612107,0.95342005874947544,0.96005035669324379
235,0.94477085781433612,0.94938939947123258,0.95199328577423414,0.95996642887117078
236,0.94426724861507472,0.95014478156867688,0.95232899706252627,0.95988250104909778
237,0.94258855128420349,0.94863401737378827,0.95241292488459928,0.95946286193873265
238,0.94393150914890045,0.94913760543875114,0.95107007973143098,0.95942089802769615
239,0.94443511834816185,0.9485081203575475,0.95224506924045316,0.96000839278220729
240,0.94527446701359741,0.94888581140626971,0.95300041963911042,0.9601762484263533
241,0.94342789994963905,0.94913760543875114,0.95258078052874529,0.9602182123373898
242,0.94460298808124898,0.95052247261739897,0.95232899706252627,0.96009232060428029
243,0.94376363941581332,0.9492635024549918,0.95165757448594213,0.96042803189257242
244,0.94292429075037776,0.94976709051995467,0.95249685270667228,0.95946286193873265
245,0.94460298808124898,0.94875991439002894,0.95207721359630715,0.95988250104909778
246,0.94376363941581332,0.95027067858491754,0.95073436844313886,0.95963071758287877
247,0.94477085781433612,0.94938939947123258,0.95266470835081829,0.95988250104909778
248,0.94544233674668454,0.9503965756011582,0.95107007973143098,0.95967268149391527
249,0.94510659728051027,0.94875991439002894,0.95207721359630715,0.96067981535879143
250,0.94460298808124898,0.94875991439002894,0.95325220310532943,0.9601762484263533
251,0.94527446701359741,0.9477527382601032,0.95232899706252627,0.95971464540495177
252,0.94326003021655191,0.95027067858491754,0.95224506924045316,0.95979857322702478
253,0.94443511834816185,0.94913760543875114,0.95165757448594213,0.95946286193873265
254,0.94326003021655191,0.94976709051995467,0.95266470835081829,0.95975660931598827
255,0.94326003021655191,0.94938939947123258,0.951405791019723,0.95954678976080565
256,0.94292429075037776,0.94901170842251037,0.95266470835081829,0.95954678976080565
257,0.94326003021655191,0.94964119350371401,0.9528325639949643,0.96005035669324379
258,0.94527446701359741,0.95014478156867688,0.95065044062106585,0.95942089802769615
259,0.94409937888198758,0.94989298753619544,0.95308434746118342,0.95929500629458664
260,0.94258855128420349,0.94800453229258463,0.95232899706252627,0.96005035669324379
261,0.94359576968272618,0.94875991439002894,0.95174150230801513,0.95921107847251363
262,0.94359576968272618,0.95014478156867688,0.95232899706252627,0.96042803189257242
263,0.94460298808124898,0.94989298753619544,0.95199328577423414,0.96067981535879143
264,0.94342789994963905,0.94951529648747324,0.95274863617289129,0.95996642887117078
265,0.94477085781433612,0.94989298753619544,0.95224506924045316,0.95946286193873265
266,0.94326003021655191,0.9500188845524361,0.95308434746118342,0.95921107847251363
267,0.94443511834816185,0.95014478156867688,0.95308434746118342,0.95946286193873265
268,0.94359576968272618,0.94838222334130684,0.9528325639949643,0.9602182123373898
269,0.94258855128420349,0.94901170842251037,0.951405791019723,0.95883340327318511
270,0.94426724861507472,0.94875991439002894,0.95190935795216114,0.96034410407049942
271,0.94191707235185496,0.94863401737378827,0.95123793537557699,0.96063785144775493
272,0.94376363941581332,0.94913760543875114,0.95300041963911042,0.95954678976080565
273,0.94409937888198758,0.95027067858491754,0.95207721359630715,0.95979857322702478
274,0.94510659728051027,0.94863401737378827,0.95115400755350399,0.95942089802769615
275,0.94359576968272618,0.95064836963363963,0.95358791439362145,0.96000839278220729
276,0.94292429075037776,0.94938939947123258,0.95232899706252627,0.95904322282836763
277,0.94493872754742325,0.94976709051995467,0.951405791019723,0.95992446496013428
278,0.94258855128420349,0.94888581140626971,0.95224506924045316,0.95925304238355014
279,0.94544233674668454,0.9492635024549918,0.951405791019723,0.95908518673940413
280,0.94342789994963905,0.94951529648747324,0.95325220310532943,0.95963071758287877
281,0.94376363941581332,0.95278861890973188,0.95266470835081829,0.95921107847251363
282,0.94292429075037776,0.95140375173108394,0.95249685270667228,0.96063785144775493
283,0.94426724861507472,0.94787863527634397,0.95249685270667228,0.96000839278220729
284,0.94409937888198758,0.95052247261739897,0.95174150230801513,0.95988250104909778
285,0.94561020647977168,0.9485081203575475,0.95207721359630715,0.9587075115400755
286,0.94359576968272618,0.94938939947123258,0.95199328577423414,0.95967268149391527
287,0.94258855128420349,0.95052247261739897,0.95358791439362145,0.96030214015946291
288,0.94460298808124898,0.94913760543875114,0.95081829626521197,0.95921107847251363
289,0.94393150914890045,0.94901170842251037,0.95157364666386912,0.95996642887117078
290,0.94342789994963905,0.95014478156867688,0.95182543013008813,0.95984053713806128
291,0.94460298808124898,0.94964119350371401,0.95157364666386912,0.95900125891733112
292,0.94409937888198758,0.95027067858491754,0.95174150230801513,0.96013428451531679
293,0.94376363941581332,0.94875991439002894,0.95216114141838015,0.95925304238355014
294,0.94342789994963905,0.95027067858491754,0.95056651279899285,0.95992446496013428
295,0.94326003021655191,0.94938939947123258,0.95224506924045316,0.95912715065044063
296,0.94443511834816185,0.94989298753619544,0.951405791019723,0.9602601762484263
297,0.94292429075037776,0.94825632632506607,0.95216114141838015,0.95988250104909778
298,0.94577807621285881,0.94901170842251037,0.95182543013008813,0.95996642887117078
299,0.94460298808124898,0.94989298753619544,0.95073436844313886,0.95937893411665964
300,0.94242068155111636,0.94976709051995467,0.9529164918170373,0.96097356273604695
301,0.94460298808124898,0.94838222334130684,0.951405791019723,0.95992446496013428
302,0.94393150914890045,0.94762684124386254,0.95182543013008813,0.95916911456147713
303,0.94409937888198758,0.9492635024549918,0.95266470835081829,0.95984053713806128
304,0.94376363941581332,0.94888581140626971,0.95107007973143098,0.95958875367184227
305,0.94242068155111636,0.9503965756011582,0.95216114141838015,0.95958875367184227
306,0.94443511834816185,0.94762684124386254,0.95216114141838015,0.95988250104909778
307,0.94409937888198758,0.94989298753619544,0.95165757448594213,0.95912715065044063
308,0.94477085781433612,0.9492635024549918,0.95098615190935798,0.95937893411665964
309,0.94359576968272618,0.94951529648747324,0.9528325639949643,0.95988250104909778
310,0.94477085781433612,0.94863401737378827,0.95182543013008813,0.96000839278220729
311,0.94594594594594594,0.95064836963363963,0.95157364666386912,0.96005035669324379
312,0.94242068155111636,0.94875991439002894,0.9529164918170373,0.9602601762484263
313,0.94443511834816185,0.94964119350371401,0.95065044062106585,0.96059588753671843
314,0.94359576968272618,0.94800453229258463,0.95249685270667228,0.9602601762484263
315,0.94342789994963905,0.94976709051995467,0.95409148132605959,0.9602601762484263
316,0.94275642101729062,0.95077426664988041,0.95216114141838015,0.96030214015946291
317,0.94443511834816185,0.94901170842251037,0.95123793537557699,0.96059588753671843
318,0.94544233674668454,0.9477527382601032,0.95224506924045316,0.95946286193873265
319,0.94258855128420349,0.94800453229258463,0.95190935795216114,0.95979857322702478
320,0.94577807621285881,0.94913760543875114,0.95190935795216114,0.95975660931598827
321,0.94409937888198758,0.94888581140626971,0.95241292488459928,0.96034410407049942
322,0.94292429075037776,0.94901170842251037,0.95224506924045316,0.9602182123373898
323,0.94460298808124898,0.94787863527634397,0.95274863617289129,0.96009232060428029
324,0.94409937888198758,0.94901170842251037,0.95148971884179601,0.95925304238355014
325,0.94309216048346478,0.94938939947123258,0.95174150230801513,0.95988250104909778
326,0.94393150914890045,0.9503965756011582,0.95081829626521197,0.95921107847251363
327,0.94561020647977168,0.95077426664988041,0.95107007973143098,0.95950482584976915
328,0.94393150914890045,0.9503965756011582,0.95258078052874529,0.95984053713806128
329,0.94242068155111636,0.94863401737378827,0.95241292488459928,0.95975660931598827
330,0.94477085781433612,0.95052247261739897,0.95190935795216114,0.95946286193873265
331,0.94477085781433612,0.95014478156867688,0.95199328577423414,0.95975660931598827
332,0.94510659728051027,0.95027067858491754,0.95249685270667228,0.95992446496013428
333,0.94393150914890045,0.94875991439002894,0.95115400755350399,0.96055392362568193
334,0.94426724861507472,0.94951529648747324,0.95123793537557699,0.95954678976080565
335,0.94460298808124898,0.94875991439002894,0.95182543013008813,0.95925304238355014
336,0.94359576968272618,0.9485081203575475,0.9528325639949643,0.95942089802769615
337,0.94275642101729062,0.94787863527634397,0.95300041963911042,0.96038606798153592
338,0.94544233674668454,0.94888581140626971,0.95232899706252627,0.9602601762484263
339,0.94493872754742325,0.94913760543875114,0.95199328577423414,0.95996642887117078
340,0.94426724861507472,0.94938939947123258,0.95232899706252627,0.96000839278220729
341,0.94594594594594594,0.94951529648747324,0.95224506924045316,0.9602601762484263
342,0.94477085781433612,0.9492635024549918,0.95157364666386912,0.95937893411665964
343,0.94326003021655191,0.94888581140626971,0.95216114141838015,0.95963071758287877
344,0.94426724861507472,0.9477527382601032,0.95199328577423414,0.95971464540495177
345,0.94577807621285881,0.95152964874732471,0.95249685270667228,0.96042803189257242
346,0.94460298808124898,0.94888581140626971,0.95358791439362145,0.95975660931598827
347,0.94527446701359741,0.94989298753619544,0.95216114141838015,0.96042803189257242
348,0.94309216048346478,0.95064836963363963,0.95316827528325643,0.96000839278220729
349,0.94376363941581332,0.94913760543875114,0.951405791019723,0.95937893411665964
350,0.94242068155111636,0.94888581140626971,0.95241292488459928,0.95996642887117078
351,0.94661742487829448,0.94964119350371401,0.951405791019723,0.96093159882501045
352,0.94359576968272618,0.94938939947123258,0.95073436844313886,0.96005035669324379
353,0.94426724861507472,0.94888581140626971,0.951405791019723,0.95984053713806128
354,0.94342789994963905,0.9503965756011582,0.95165757448594213,0.95975660931598827
355,0.94493872754742325,0.94800453229258463,0.9529164918170373,0.96042803189257242
356,0.94527446701359741,0.95027067858491754,0.95266470835081829,0.96005035669324379
357,0.94460298808124898,0.95027067858491754,0.9529164918170373,0.96005035669324379
358,0.94544233674668454,0.94913760543875114,0.9529164918170373,0.96055392362568193
359,0.94443511834816185,0.94938939947123258,0.95308434746118342,0.95916911456147713
360,0.94409937888198758,0.94938939947123258,0.95056651279899285,0.96030214015946291
361,0.94426724861507472,0.94976709051995467,0.95123793537557699,0.96059588753671843
362,0.94477085781433612,0.9511519576986025,0.95081829626521197,0.95975660931598827
363,0.94443511834816185,0.94762684124386254,0.95199328577423414,0.95971464540495177
364,0.94477085781433612,0.94989298753619544,0.951405791019723,0.95933697020562314
365,0.94376363941581332,0.94938939947123258,0.95174150230801513,0.95946286193873265
366,0.94493872754742325,0.94888581140626971,0.95258078052874529,0.95946286193873265
367,0.94426724861507472,0.94976709051995467,0.95224506924045316,0.95992446496013428
368,0.94443511834816185,0.95014478156867688,0.95165757448594213,0.9587914393621485
369,0.94611381567903308,0.94976709051995467,0.95199328577423414,0.96013428451531679
370,0.94309216048346478,0.94901170842251037,0.95216114141838015,0.95996642887117078
371,0.94342789994963905,0.95014478156867688,0.95174150230801513,0.95988250104909778
372,0.94342789994963905,0.94901170842251037,0.95199328577423414,0.95988250104909778
373,0.94292429075037776,0.94938939947123258,0.95249685270667228,0.95963071758287877
374,0.94359576968272618,0.94888581140626971,0.95165757448594213,0.95895929500629462
375,0.94544233674668454,0.94989298753619544,0.95274863617289129,0.96013428451531679
376,0.94393150914890045,0.9503965756011582,0.95207721359630715,0.95946286193873265
377,0.94594594594594594,0.95014478156867688,0.95182543013008813,0.96000839278220729
378,0.94409937888198758,0.94712325317889967,0.95190935795216114,0.95971464540495177
379,0.94510659728051027,0.95027067858491754,0.95216114141838015,0.95900125891733112
380,0.94393150914890045,0.95064836963363963,0.95216114141838015,0.95933697020562314
381,0.94577807621285881,0.94989298753619544,0.951405791019723,0.9601762484263533
382,0.94426724861507472,0.94687145914641824,0.95207721359630715,0.95979857322702478
383,0.94678529461138161,0.95090016366612107,0.95115400755350399,0.95971464540495177
384,0.94225281181802922,0.95102606068236184,0.95224506924045316,0.95992446496013428
385,0.94577807621285881,0.94875991439002894,0.95241292488459928,0.95954678976080565
386,0.94493872754742325,0.94938939947123258,0.95266470835081829,0.95971464540495177
387,0.94359576968272618,0.94938939947123258,0.95216114141838015,0.95992446496013428
388,0.94376363941581332,0.94938939947123258,0.95199328577423414,0.95967268149391527
389,0.94611381567903308,0.9500188845524361,0.95174150230801513,0.95933697020562314
390,0.94376363941581332,0.9500188845524361,0.95190935795216114,0.95988250104909778
391,0.94561020647977168,0.94913760543875114,0.95274863617289129,0.95963071758287877
392,0.94493872754742325,0.94825632632506607,0.95107007973143098,0.95950482584976915
393,0.94359576968272618,0.94888581140626971,0.95258078052874529,0.95975660931598827
394,0.94544233674668454,0.94787863527634397,0.95316827528325643,0.95992446496013428
395,0.94292429075037776,0.9503965756011582,0.951405791019723,0.95950482584976915
396,0.94544233674668454,0.95027067858491754,0.95174150230801513,0.96038606798153592
397,0.94544233674668454,0.94976709051995467,0.95199328577423414,0.95929500629458664
398,0.94628168541212021,0.95077426664988041,0.95241292488459928,0.95933697020562314
399,0.94342789994963905,0.94901170842251037,0.95107007973143098,0.95908518673940413
400,0.94208494208494209,0.94825632632506607,0.95132186319765,0.95950482584976915
401,0.94426724861507472,0.94901170842251037,0.95216114141838015,0.95904322282836763
402,0.94393150914890045,0.94951529648747324,0.95199328577423414,0.95984053713806128
403,0.94426724861507472,0.95027067858491754,0.95258078052874529,0.9602182123373898
404,0.94493872754742325,0.94863401737378827,0.95065044062106585,0.95954678976080565
405,0.94426724861507472,0.94989298753619544,0.95190935795216114,0.95950482584976915
406,0.94393150914890045,0.94989298753619544,0.95274863617289129,0.95963071758287877
407,0.94477085781433612,0.94825632632506607,0.95266470835081829,0.96042803189257242
408,0.94292429075037776,0.9500188845524361,0.95165757448594213,0.95929500629458664
409,0.94275642101729062,0.94976709051995467,0.95190935795216114,0.95937893411665964
410,0.94292429075037776,0.94901170842251037,0.95325220310532943,0.96005035669324379
411,0.94443511834816185,0.94825632632506607,0.95123793537557699,0.96000839278220729
412,0.94326003021655191,0.9485081203575475,0.95165757448594213,0.96051195971464542
413,0.94359576968272618,0.9492635024549918,0.95308434746118342,0.95975660931598827
414,0.94577807621285881,0.94863401737378827,0.95165757448594213,0.95988250104909778
415,0.94561020647977168,0.94951529648747324,0.951405791019723,0.95954678976080565
416,0.94493872754742325,0.94813042930882541,0.95258078052874529,0.95921107847251363
417,0.94594594594594594,0.94951529648747324,0.95258078052874529,0.95963071758287877
418,0.94477085781433612,0.9473750472113811,0.95182543013008813,0.96009232060428029
419,0.94493872754742325,0.94750094422762177,0.95182543013008813,0.96013428451531679
420,0.94561020647977168,0.94888581140626971,0.95174150230801513,0.95996642887117078
421,0.94326003021655191,0.94787863527634397,0.95232899706252627,0.95895929500629462
422,0.94258855128420349,0.94787863527634397,0.95190935795216114,0.95996642887117078
423,0.94409937888198758,0.94875991439002894,0.95157364666386912,0.9601762484263533
424,0.9472889038106429,0.95064836963363963,0.95216114141838015,0.95921107847251363
425,0.94460298808124898,0.95077426664988041,0.95165757448594213,0.95971464540495177
426,0.94611381567903308,0.94913760543875114,0.95157364666386912,0.95946286193873265
427,0.94326003021655191,0.94913760543875114,0.95199328577423414,0.95971464540495177
428,0.94611381567903308,0.94913760543875114,0.95232899706252627,0.95912715065044063
429,0.94510659728051027,0.94938939947123258,0.95224506924045316,0.95921107847251363
430,0.94527446701359741,0.94787863527634397,0.95123793537557699,0.95996642887117078
431,0.94477085781433612,0.95090016366612107,0.95249685270667228,0.95996642887117078
432,0.94426724861507472,0.94989298753619544,0.95232899706252627,0.96063785144775493
433,0.94426724861507472,0.95102606068236184,0.95207721359630715,0.95937893411665964
434,0.94107772368641929,0.9500188845524361,0.9528325639949643,0.95950482584976915
435,0.94443511834816185,0.9492635024549918,0.95148971884179601,0.95921107847251363
436,0.94577807621285881,0.94951529648747324,0.95190935795216114,0.9602601762484263
437,0.94275642101729062,0.94976709051995467,0.95308434746118342,0.95929500629458664
438,0.94208494208494209,0.94913760543875114,0.9529164918170373,0.9602182123373898
439,0.94426724861507472,0.9503965756011582,0.95190935795216114,0.95984053713806128
440,0.94409937888198758,0.95027067858491754,0.95216114141838015,0.96067981535879143
441,0.94527446701359741,0.94976709051995467,0.95241292488459928,0.95958875367184227
442,0.94544233674668454,0.95014478156867688,0.95207721359630715,0.96080570709190094
443,0.94443511834816185,0.94888581140626971,0.95199328577423414,0.95988250104909778
444,0.94493872754742325,0.94825632632506607,0.95157364666386912,0.95958875367184227
445,0.94326003021655191,0.9503965756011582,0.95157364666386912,0.95933697020562314
446,0.94443511834816185,0.9503965756011582,0.95325220310532943,0.958749475451112
447,0.94477085781433612,0.94901170842251037,0.95165757448594213,0.95992446496013428
448,0.94409937888198758,0.94863401737378827,0.95274863617289129,0.96034410407049942
449,0.94258855128420349,0.95014478156867688,0.95342005874947544,0.95979857322702478
450,0.94409937888198758,0.9492635024549918,0.9528325639949643,0.96009232060428029
451,0.94342789994963905,0.94875991439002894,0.95190935795216114,0.95988250104909778
452,0.94342789994963905,0.94888581140626971,0.95199328577423414,0.95971464540495177
453,0.94443511834816185,0.94825632632506607,0.95249685270667228,0.95942089802769615
454,0.94376363941581332,0.94951529648747324,0.95216114141838015,0.96005035669324379
455,0.94460298808124898,0.95052247261739897,0.95090222408728498,0.95916911456147713
456,0.94493872754742325,0.94976709051995467,0.95350398657154845,0.9587075115400755
457,0.94460298808124898,0.95014478156867688,0.95014687368862782,0.95916911456147713
458,0.94611381567903308,0.94901170842251037,0.95157364666386912,0.95988250104909778
459,0.94393150914890045,0.95077426664988041,0.95241292488459928,0.95958875367184227
460,0.94477085781433612,0.9500188845524361,0.9529164918170373,0.95958875367184227
461,0.94577807621285881,0.94989298753619544,0.95241292488459928,0.96013428451531679
462,0.94594594594594594,0.9500188845524361,0.95148971884179601,0.95984053713806128
463,0.94426724861507472,0.9500188845524361,0.95199328577423414,0.95984053713806128
464,0.94393150914890045,0.94901170842251037,0.95216114141838015,0.96000839278220729
465,0.94326003021655191,0.95027067858491754,0.95308434746118342,0.95866554762903899
466,0.94292429075037776,0.9492635024549918,0.95308434746118342,0.9602182123373898
467,0.94611381567903308,0.94888581140626971,0.95207721359630715,0.95891733109525812
468,0.94510659728051027,0.94913760543875114,0.95207721359630715,0.96030214015946291
469,0.94527446701359741,0.94938939947123258,0.95266470835081829,0.95946286193873265
470,0.94611381567903308,0.9492635024549918,0.95199328577423414,0.95988250104909778
471,0.94393150914890045,0.94989298753619544,0.95199328577423414,0.95975660931598827
472,0.94544233674668454,0.94938939947123258,0.95241292488459928,0.95975660931598827
473,0.94258855128420349,0.95127785471484327,0.95241292488459928,0.95883340327318511
474,0.9472889038106429,0.94863401737378827,0.95148971884179601,0.95937893411665964
475,0.94426724861507472,0.9485081203575475,0.95207721359630715,0.95950482584976915
476,0.94393150914890045,0.95014478156867688,0.95157364666386912,0.96063785144775493
477,0.94510659728051027,0.94712325317889967,0.95232899706252627,0.96000839278220729
478,0.94544233674668454,0.94813042930882541,0.95182543013008813,0.95946286193873265
479,0.94644955514520734,0.94888581140626971,0.95174150230801513,0.95908518673940413
480,0.94191707235185496,0.94938939947123258,0.95216114141838015,0.96080570709190094
481,0.94678529461138161,0.94976709051995467,0.95174150230801513,0.96072177926982794
482,0.94326003021655191,0.94964119350371401,0.95190935795216114,0.95988250104909778
483,0.94359576968272618,0.94913760543875114,0.95216114141838015,0.9587914393621485
484,0.9477925130099043,0.9500188845524361,0.9529164918170373,0.96009232060428029
485,0.94376363941581332,0.94863401737378827,0.95190935795216114,0.96059588753671843
486,0.94359576968272618,0.9511519576986025,0.95182543013008813,0.96042803189257242
487,0.94493872754742325,0.95014478156867688,0.95224506924045316,0.96013428451531679
488,0.94242068155111636,0.94964119350371401,0.95216114141838015,0.95921107847251363
489,0.94477085781433612,0.94863401737378827,0.95157364666386912,0.95937893411665964
490,0.94359576968272618,0.94964119350371401,0.95174150230801513,0.95958875367184227
491,0.94561020647977168,0.94951529648747324,0.95174150230801513,0.95942089802769615
492,0.94326003021655191,0.95052247261739897,0.95182543013008813,0.95963071758287877
493,0.94258855128420349,0.94976709051995467,0.95090222408728498,0.95979857322702478
494,0.94510659728051027,0.94976709051995467,0.95182543013008813,0.96084767100293744
495,0.94326003021655191,0.94951529648747324,0.95199328577423414,0.95904322282836763
496,0.94393150914890045,0.9500188845524361,0.95157364666386912,0.96013428451531679
497,0.94409937888198758,0.95027067858491754,0.95249685270667228,0.9601762484263533
498,0.94477085781433612,0.9492635024549918,0.95182543013008813,0.9602601762484263
499,0.94477085781433612,0.94951529648747324,0.95199328577423414,0.95900125891733112
